Suhu,Kelembaban,Gas,Status
57.28008597,0,1,bahaya
6.37946234,0,0,suhu aman
18.12998308,1,0,suhu aman
28.35649014,0,1,suhu aman
24.5371419,1,0,suhu aman
2.69852429,1,1,suhu aman
54.5901436,1,1,rawan
5.403777028,0,1,suhu aman
37.10914077,1,1,rawan
38.53751421,1,1,rawan
26.85697713,0,0,suhu aman
2.766163484,1,1,suhu aman
30.6323078,1,0,suhu aman
18.52268084,1,1,suhu aman
28.77046329,1,0,suhu aman
46.93240744,1,0,rawan
21.53011463,0,1,suhu aman
39.55161864,0,0,rawan
34.36523925,0,0,rawan
15.52341297,1,0,suhu aman
53.59030825,0,0,rawan
4.824566376,0,0,suhu aman
47.54766266,0,0,rawan
32.93637919,1,0,rawan
25.87248805,1,0,suhu aman
23.78435547,0,0,suhu aman
38.30332384,1,0,rawan
49.60480514,0,0,rawan
56.87237453,0,0,rawan
16.14798125,1,1,suhu aman
23.08574906,1,1,suhu aman
24.14132207,1,1,suhu aman
11.41189495,0,0,suhu aman
40.2245032,0,0,rawan
48.26752163,1,1,rawan
6.829526467,0,1,suhu aman
2.642155106,1,1,suhu aman
37.10069006,1,1,rawan
41.14051864,0,0,rawan
41.50524515,1,1,rawan
21.83937278,1,0,suhu aman
23.03755748,0,1,suhu aman
22.93242595,0,1,suhu aman
40.81682079,0,0,rawan
23.34177308,0,0,suhu aman
32.5576488,0,1,bahaya
52.66216062,0,0,rawan
7.178296698,1,0,suhu aman
41.01845557,0,1,bahaya
34.21463959,0,1,bahaya
29.38730646,1,0,suhu aman
28.42853574,1,1,suhu aman
16.07917358,1,1,suhu aman
9.923561872,0,1,suhu aman
23.50212228,0,0,suhu aman
13.28356577,1,0,suhu aman
13.82698072,1,1,suhu aman
6.991665368,0,1,suhu aman
35.22517461,1,1,rawan
7.118651066,0,0,suhu aman
39.12361262,1,1,rawan
19.6266376,1,1,suhu aman
50.27108849,0,1,bahaya
23.44080469,0,0,suhu aman
6.880490923,0,1,suhu aman
33.71065474,0,1,bahaya
18.93140262,0,0,suhu aman
0.6116719662,0,0,suhu aman
24.80618112,1,1,suhu aman
35.01541555,0,1,bahaya
25.39496377,1,0,suhu aman
46.95495402,0,0,rawan
20.93409717,0,0,suhu aman
36.7950555,1,1,rawan
19.11878416,0,1,suhu aman
10.33173774,1,1,suhu aman
38.12223763,0,1,bahaya
27.83055265,0,1,suhu aman
9.415728995,1,1,suhu aman
40.5913221,0,0,rawan
1.759692534,1,0,suhu aman
16.51095037,1,0,suhu aman
58.15590181,0,1,bahaya
5.004357865,1,0,suhu aman
45.33261601,0,0,rawan
30.4234347,1,1,suhu aman
23.58403616,1,1,suhu aman
7.85932514,1,0,suhu aman
11.29537258,1,0,suhu aman
44.18604012,1,1,rawan
10.73568007,1,0,suhu aman
55.85261284,0,0,rawan
31.86047863,0,1,suhu aman
50.89347743,1,0,rawan
30.79043883,0,1,suhu aman
0.7266378796,1,0,suhu aman
55.86395874,1,1,rawan
24.55824994,1,0,suhu aman
42.93099822,0,1,bahaya
59.80972695,0,0,rawan
3.780721109,1,1,suhu aman
22.31602364,1,0,suhu aman
47.88211318,1,0,rawan
43.6856406,0,1,bahaya
43.25747649,0,1,bahaya
45.92585767,1,1,rawan
42.28424514,1,1,rawan
8.169865122,1,0,suhu aman
22.19875657,0,1,suhu aman
42.23267123,1,1,rawan
47.41195512,0,1,bahaya
15.09403973,0,1,suhu aman
55.48448328,0,0,rawan
51.77101463,0,1,bahaya
14.47767733,0,0,suhu aman
33.09903816,0,0,rawan
14.81559677,0,1,suhu aman
33.57594474,0,0,rawan
41.86692143,1,0,rawan
15.71153054,1,1,suhu aman
58.97711461,0,0,rawan
42.52852165,0,0,rawan
17.13146173,0,0,suhu aman
19.42798958,0,1,suhu aman
23.97607986,0,0,suhu aman
13.20015363,1,1,suhu aman
38.42250002,1,1,rawan
29.35437951,1,0,suhu aman
49.05471156,1,0,rawan
51.17174745,0,1,bahaya
16.27628939,1,0,suhu aman
24.14894785,0,0,suhu aman
5.497129571,0,0,suhu aman
9.190335007,1,0,suhu aman
47.27017131,0,1,bahaya
35.58979968,0,1,bahaya
20.44093065,1,0,suhu aman
51.28756134,1,0,rawan
6.047412168,1,1,suhu aman
1.03809811,0,0,suhu aman
47.57291476,1,0,rawan
3.121147991,0,0,suhu aman
41.56475254,1,1,rawan
9.392005345,0,1,suhu aman
10.63117755,0,1,suhu aman
31.31215462,0,1,suhu aman
27.14699739,1,1,suhu aman
42.82567181,0,0,rawan
34.05379461,1,0,rawan
48.43759083,0,0,rawan
22.03847602,0,0,suhu aman
37.68179728,1,1,rawan
57.90727394,0,1,bahaya
3.599627259,0,0,suhu aman
34.62166359,0,0,rawan
28.33551512,1,1,suhu aman
11.39591617,1,1,suhu aman
11.12941834,1,0,suhu aman
54.32870496,1,1,rawan
17.6715778,1,0,suhu aman
50.79620931,1,0,rawan
31.9952024,1,0,suhu aman
0.5020855753,0,0,suhu aman
37.01601269,0,1,bahaya
13.57833643,0,1,suhu aman
13.87113838,0,0,suhu aman
42.06613484,0,0,rawan
36.93766265,1,1,rawan
0.7698545296,1,1,suhu aman
16.58497606,1,0,suhu aman
51.85152264,1,0,rawan
28.28424672,1,0,suhu aman
34.28455512,1,0,rawan
39.79946171,0,0,rawan
33.77038192,1,1,rawan
30.14175269,1,1,suhu aman
24.98252314,1,0,suhu aman
9.294028373,1,0,suhu aman
39.77016569,1,1,rawan
58.10526311,1,0,rawan
10.64532166,1,1,suhu aman
47.10007029,1,1,rawan
16.59980072,0,0,suhu aman
22.32345794,1,0,suhu aman
0.8432551156,0,0,suhu aman
49.00482551,1,0,rawan
49.90216833,0,1,bahaya
40.22832056,1,0,rawan
57.83960123,1,1,rawan
40.57559292,0,1,bahaya
25.00244426,1,1,suhu aman
3.685742629,0,0,suhu aman
9.219675607,1,1,suhu aman
19.86773927,1,0,suhu aman
19.9922375,1,1,suhu aman
54.50199125,0,1,bahaya
8.850565736,1,1,suhu aman
41.36665999,1,0,rawan
27.31501132,0,0,suhu aman
55.7951585,0,1,bahaya
58.0703385,0,0,rawan
51.47559332,1,1,rawan
5.038660015,1,0,suhu aman
59.69000469,1,0,rawan
28.67349295,1,0,suhu aman
30.99789472,0,0,suhu aman
28.35666519,0,1,suhu aman
44.11875593,0,0,rawan
53.30239985,0,0,rawan
14.57408837,1,1,suhu aman
5.589639023,0,1,suhu aman
43.20969039,1,1,rawan
7.272441344,0,1,suhu aman
20.92075126,1,0,suhu aman
1.064610708,1,0,suhu aman
6.819532466,0,1,suhu aman
38.65151452,1,0,rawan
40.98000076,0,1,bahaya
29.72981832,0,1,suhu aman
35.21490323,0,1,bahaya
10.58257881,1,0,suhu aman
53.7250407,0,0,rawan
55.21827969,0,0,rawan
44.73230623,0,1,bahaya
21.38081929,0,1,suhu aman
51.37901155,0,0,rawan
54.30386175,1,1,rawan
29.44531369,0,1,suhu aman
3.855050083,0,1,suhu aman
17.19102803,0,0,suhu aman
6.299031694,0,0,suhu aman
32.44188403,1,1,rawan
35.59588826,1,1,rawan
9.675057424,1,1,suhu aman
45.92397844,0,0,rawan
48.26391951,0,0,rawan
16.64123312,1,0,suhu aman
7.354001369,1,1,suhu aman
42.53221072,1,0,rawan
25.38539945,1,1,suhu aman
29.97252869,1,0,suhu aman
57.56305829,1,0,rawan
37.30824662,1,1,rawan
4.304676519,1,1,suhu aman
13.71328568,0,1,suhu aman
11.75314523,0,1,suhu aman
3.158462605,1,0,suhu aman
32.90068779,1,0,rawan
21.69428563,1,0,suhu aman
57.99692147,1,1,rawan
29.4966315,1,1,suhu aman
46.15210132,1,1,rawan
11.21784625,0,0,suhu aman
39.03662487,0,0,rawan
15.98116854,0,0,suhu aman
2.142597657,1,0,suhu aman
13.39655356,0,0,suhu aman
11.22467857,1,0,suhu aman
45.49155577,1,0,rawan
50.47473852,0,1,bahaya
32.35975516,1,1,rawan
36.09474879,1,0,rawan
37.23688011,0,1,bahaya
32.78907695,0,0,rawan
24.91414315,1,1,suhu aman
2.062631258,0,1,suhu aman
15.86991875,0,1,suhu aman
58.03435906,1,1,rawan
51.91269105,0,0,rawan
28.89307938,1,0,suhu aman
51.83562703,1,0,rawan
17.45894968,1,1,suhu aman
6.629190221,1,0,suhu aman
32.08039928,1,0,rawan
31.91341064,1,1,suhu aman
45.99275965,1,1,rawan
33.85358255,0,0,rawan
38.17736641,1,0,rawan
7.01796911,1,0,suhu aman
17.76321994,1,1,suhu aman
16.21629035,1,0,suhu aman
45.36871503,1,1,rawan
16.80402363,1,0,suhu aman
23.93805524,1,0,suhu aman
1.417667565,0,0,suhu aman
56.22218978,0,1,bahaya
7.475675646,1,1,suhu aman
0.9118092854,0,0,suhu aman
35.58171177,0,1,bahaya
51.5618692,0,1,bahaya
40.43161846,1,1,rawan
16.05232427,0,0,suhu aman
33.87109286,1,0,rawan
25.79516885,0,1,suhu aman
54.98290334,0,0,rawan
36.79757584,1,1,rawan
19.79358926,0,0,suhu aman
24.78666941,1,0,suhu aman
58.36042551,1,0,rawan
46.84247849,0,0,rawan
39.29791305,1,1,rawan
17.50863338,1,1,suhu aman
10.58474306,0,1,suhu aman
30.47951735,1,0,suhu aman
4.799951125,1,0,suhu aman
52.20977818,1,0,rawan
30.5013615,0,1,suhu aman
22.85625702,0,0,suhu aman
7.698362647,1,1,suhu aman
36.73061092,1,0,rawan
52.39001663,0,1,bahaya
59.98701056,1,1,rawan
55.73146289,1,0,rawan
20.85532664,0,0,suhu aman
10.03702819,1,0,suhu aman
17.8051818,0,1,suhu aman
23.69529747,1,0,suhu aman
46.22702098,1,1,rawan
57.01519913,1,1,rawan
4.36696724,1,1,suhu aman
32.58576695,0,0,rawan
6.364654719,0,1,suhu aman
48.14626834,1,1,rawan
43.51639257,0,1,bahaya
53.14564623,0,0,rawan
25.70694552,1,1,suhu aman
7.726333891,1,1,suhu aman
41.89579991,0,0,rawan
5.090287988,1,0,suhu aman
22.370079,1,1,suhu aman
15.07516966,0,0,suhu aman
24.13519718,1,0,suhu aman
12.9537888,0,0,suhu aman
24.44284674,1,0,suhu aman
7.325827668,0,0,suhu aman
13.37803774,0,1,suhu aman
3.540374092,0,1,suhu aman
24.15453514,0,0,suhu aman
53.10135968,0,0,rawan
46.00023882,0,1,bahaya
48.3836864,0,0,rawan
58.13761576,0,0,rawan
48.83098754,0,1,bahaya
40.4535023,1,1,rawan
27.40966869,1,0,suhu aman
55.26899462,0,0,rawan
51.93850664,1,0,rawan
10.61313873,1,1,suhu aman
57.16669483,0,1,bahaya
16.2103181,1,1,suhu aman
11.99118199,1,1,suhu aman
3.834901067,0,0,suhu aman
48.5295552,1,1,rawan
20.77951379,0,0,suhu aman
32.1278645,0,0,rawan
53.124503,1,0,rawan
34.70188391,1,0,rawan
0.6725174038,1,0,suhu aman
8.690506091,0,0,suhu aman
1.397709409,1,1,suhu aman
0.6345861016,0,0,suhu aman
25.81579771,1,0,suhu aman
36.96376517,1,0,rawan
43.75815798,1,0,rawan
9.645777491,1,0,suhu aman
32.76705269,1,1,rawan
15.28280768,0,0,suhu aman
21.04422355,1,1,suhu aman
2.070743064,0,1,suhu aman
13.0931568,1,0,suhu aman
8.499915117,0,0,suhu aman
44.59549601,0,1,bahaya
34.18835936,0,0,rawan
58.54113755,1,1,rawan
24.9059756,0,1,suhu aman
18.26366649,1,1,suhu aman
53.46341897,1,0,rawan
28.07972224,1,0,suhu aman
18.18337853,1,1,suhu aman
9.141797466,0,1,suhu aman
48.31224629,1,0,rawan
59.52566157,0,0,rawan
47.82234098,0,1,bahaya
43.3102092,0,1,bahaya
27.14198589,1,0,suhu aman
55.480804,0,0,rawan
37.66312079,0,1,bahaya
27.09641747,1,1,suhu aman
52.33187753,1,0,rawan
29.69257174,0,1,suhu aman
22.83207877,1,0,suhu aman
17.92077694,0,0,suhu aman
0.1178393388,0,1,suhu aman
5.71225507,1,0,suhu aman
10.31998942,1,1,suhu aman
31.74870015,1,1,suhu aman
17.00962258,1,0,suhu aman
14.86219853,0,1,suhu aman
17.80648695,0,0,suhu aman
36.49454747,1,1,rawan
37.41277711,0,0,rawan
25.03473715,1,1,suhu aman
39.06500317,0,1,bahaya
2.421504811,0,1,suhu aman
55.54565332,0,0,rawan
5.732412806,1,0,suhu aman
32.38800684,0,0,rawan
41.65597191,1,1,rawan
47.53459272,1,1,rawan
58.02073648,1,1,rawan
40.95283224,0,1,bahaya
29.38420905,1,1,suhu aman
16.73848197,1,1,suhu aman
30.70148502,0,0,suhu aman
50.90387145,0,0,rawan
19.12322551,0,1,suhu aman
46.89676811,0,0,rawan
6.026227305,1,1,suhu aman
34.15732727,0,1,bahaya
43.65707015,1,1,rawan
13.61302554,1,1,suhu aman
29.65651368,0,0,suhu aman
48.54024915,0,1,bahaya
11.80395809,0,1,suhu aman
44.97913183,1,1,rawan
40.33884739,1,0,rawan
17.85599583,1,0,suhu aman
49.12882893,1,0,rawan
56.81307117,0,0,rawan
4.899316337,1,0,suhu aman
28.82376302,1,0,suhu aman
48.04020611,1,1,rawan
37.02635258,1,1,rawan
43.67445567,1,0,rawan
40.57028446,1,1,rawan
29.40940123,0,0,suhu aman
37.05502037,0,1,bahaya
0.3816317994,1,0,suhu aman
5.45725633,0,1,suhu aman
33.92434922,0,0,rawan
6.081154427,1,0,suhu aman
48.6939657,0,0,rawan
47.50854659,1,0,rawan
36.83957378,0,1,bahaya
55.93979589,0,1,bahaya
15.42153715,0,1,suhu aman
36.55667847,0,0,rawan
34.60799687,1,1,rawan
31.1491267,0,1,suhu aman
17.21230647,1,0,suhu aman
12.45857011,0,0,suhu aman
26.07954032,1,0,suhu aman
39.41976832,0,0,rawan
34.07293581,1,1,rawan
14.3359768,0,1,suhu aman
4.525656969,0,0,suhu aman
13.29199034,0,0,suhu aman
18.77140211,0,1,suhu aman
34.77654187,0,1,bahaya
29.69818261,1,0,suhu aman
43.21759195,0,0,rawan
6.319992973,1,1,suhu aman
8.286851171,0,1,suhu aman
21.4550852,1,1,suhu aman
46.44622186,0,1,bahaya
22.24903952,1,1,suhu aman
37.01932397,1,1,rawan
28.18494508,0,1,suhu aman
34.49381803,1,1,rawan
52.26840373,1,0,rawan
54.90026952,1,0,rawan
54.33616918,0,1,bahaya
14.76387647,1,1,suhu aman
29.17550328,1,1,suhu aman
33.76690914,1,1,rawan
21.80621023,1,0,suhu aman
49.06016311,1,1,rawan
35.50535809,1,1,rawan
41.97659023,1,0,rawan
49.77024567,1,1,rawan
13.27251846,1,0,suhu aman
32.42984023,1,0,rawan
37.18194818,0,0,rawan
46.72801389,1,1,rawan
18.43530892,1,0,suhu aman
6.800082517,0,0,suhu aman
50.57119624,1,1,rawan
57.12169818,0,1,bahaya
23.65110505,0,1,suhu aman
18.98764607,0,0,suhu aman
59.85320207,1,0,rawan
12.82700077,1,0,suhu aman
16.04009765,0,1,suhu aman
34.31683677,1,1,rawan
32.6224979,1,1,rawan
7.143732916,1,1,suhu aman
51.91872702,1,0,rawan
10.39223406,1,0,suhu aman
30.46980865,1,0,suhu aman
35.61149231,1,1,rawan
6.829024649,0,1,suhu aman
51.51222925,0,1,bahaya
57.30917942,1,0,rawan
34.05020219,0,1,bahaya
29.83304927,0,0,suhu aman
29.6210813,1,1,suhu aman
52.87323475,1,1,rawan
29.67452447,0,1,suhu aman
59.65485965,1,1,rawan
8.888741758,1,1,suhu aman
34.18357699,1,0,rawan
25.95533795,0,1,suhu aman
56.79535392,0,0,rawan
18.01938824,1,0,suhu aman
14.03379431,1,0,suhu aman
46.10075482,0,0,rawan
16.66332681,1,0,suhu aman
30.77632534,1,0,suhu aman
56.12804312,1,0,rawan
43.60329101,1,0,rawan
14.05905225,1,1,suhu aman
40.97267837,0,1,bahaya
21.49858761,1,1,suhu aman
31.24909721,1,0,suhu aman
29.01465809,1,0,suhu aman
53.31394707,1,0,rawan
0.1812009444,0,1,suhu aman
22.30932817,0,0,suhu aman
58.03852894,1,0,rawan
55.99027443,0,0,rawan
45.85776875,0,0,rawan
39.33296035,1,1,rawan
23.22895514,1,1,suhu aman
54.80296698,1,0,rawan
39.28092578,1,0,rawan
7.034591512,0,0,suhu aman
34.5152086,0,1,bahaya
31.87153104,1,1,suhu aman
38.77598696,1,1,rawan
26.21997682,1,1,suhu aman
17.45218274,1,0,suhu aman
24.60421086,1,1,suhu aman
12.97096857,1,0,suhu aman
25.51625715,1,0,suhu aman
10.53771762,0,0,suhu aman
22.62672487,1,1,suhu aman
12.13588958,0,0,suhu aman
46.87307964,1,0,rawan
41.93970533,1,0,rawan
31.75062688,1,0,suhu aman
0.118067213,0,0,suhu aman
39.37500361,1,1,rawan
55.81300574,1,1,rawan
54.82443725,0,1,bahaya
58.84056424,1,0,rawan
13.85482412,1,1,suhu aman
53.05422312,0,0,rawan
49.4473841,0,1,bahaya
11.68642773,1,0,suhu aman
8.121649069,1,0,suhu aman
0.3853123696,0,1,suhu aman
2.037346721,0,1,suhu aman
10.82179589,0,1,suhu aman
49.31680175,1,0,rawan
5.074985814,0,0,suhu aman
46.63130022,0,0,rawan
36.61647176,1,1,rawan
55.98482138,1,0,rawan
30.39984977,0,0,suhu aman
55.05826246,1,1,rawan
4.800990723,0,0,suhu aman
17.89605243,1,1,suhu aman
19.11516232,1,0,suhu aman
32.76148057,1,1,rawan
8.854678243,1,0,suhu aman
26.48156463,0,1,suhu aman
58.74808232,1,0,rawan
11.55831926,1,0,suhu aman
1.349685971,0,0,suhu aman
22.94031683,0,1,suhu aman
3.444244129,1,0,suhu aman
57.01301302,1,1,rawan
58.58145019,0,1,bahaya
4.652729474,0,0,suhu aman
22.39146181,1,0,suhu aman
3.859168067,0,1,suhu aman
37.79647582,0,1,bahaya
3.484040959,0,0,suhu aman
14.51233962,0,1,suhu aman
58.04563441,1,1,rawan
45.68384026,0,1,bahaya
41.88503622,1,1,rawan
33.1605173,1,0,rawan
18.49106533,0,1,suhu aman
10.52725678,0,1,suhu aman
4.396967325,1,1,suhu aman
22.9732696,1,0,suhu aman
15.51921286,0,0,suhu aman
28.52002623,1,1,suhu aman
33.24168349,1,0,rawan
43.82614911,1,0,rawan
16.20872336,1,1,suhu aman
17.22565696,0,0,suhu aman
7.127228506,1,1,suhu aman
44.00329239,1,1,rawan
29.5279269,1,1,suhu aman
36.02241432,1,1,rawan
52.22337741,1,1,rawan
26.24003051,1,0,suhu aman
16.1367976,1,0,suhu aman
24.60052469,0,1,suhu aman
23.46078171,1,1,suhu aman
46.21237807,1,0,rawan
29.1250364,0,0,suhu aman
46.18623154,1,1,rawan
22.88165399,0,1,suhu aman
53.34095639,0,0,rawan
2.716889708,1,0,suhu aman
42.14735384,0,1,bahaya
29.71908541,0,0,suhu aman
28.44487223,1,1,suhu aman
26.11008481,0,1,suhu aman
8.990501506,0,1,suhu aman
24.20637153,1,0,suhu aman
51.8240499,1,0,rawan
9.127938153,0,0,suhu aman
17.49051974,0,1,suhu aman
53.81687845,1,1,rawan
8.766455096,0,1,suhu aman
45.25044759,1,0,rawan
6.798261834,1,1,suhu aman
16.70925088,1,0,suhu aman
27.26968038,0,1,suhu aman
25.85187485,0,0,suhu aman
3.853200164,1,1,suhu aman
22.60194798,0,1,suhu aman
44.93423762,1,1,rawan
17.10906146,1,0,suhu aman
0.2829054614,1,1,suhu aman
16.12533188,1,0,suhu aman
18.52897184,0,0,suhu aman
58.05641558,0,0,rawan
25.20185476,0,0,suhu aman
11.8987444,0,0,suhu aman
0.6468981868,0,1,suhu aman
54.65025175,1,1,rawan
2.927520503,0,1,suhu aman
14.1542258,0,0,suhu aman
13.16277977,0,0,suhu aman
10.46686929,0,1,suhu aman
39.61214762,0,1,bahaya
56.67774267,0,1,bahaya
46.87171904,0,0,rawan
49.7954874,0,1,bahaya
42.14410613,0,0,rawan
41.16303837,1,1,rawan
10.73100354,0,1,suhu aman
53.39883458,1,0,rawan
56.40316896,0,0,rawan
13.77239422,0,1,suhu aman
22.54540674,0,0,suhu aman
1.100984018,1,1,suhu aman
0.05953056105,0,1,suhu aman
0.7728413758,0,1,suhu aman
15.72913404,1,0,suhu aman
38.62365544,1,1,rawan
57.58685361,0,1,bahaya
44.56557824,0,0,rawan
53.9455589,0,0,rawan
38.72899495,0,1,bahaya
42.01511359,0,0,rawan
1.250552967,0,1,suhu aman
56.96886595,0,1,bahaya
28.73852383,0,0,suhu aman
49.17945,0,0,rawan
20.06739706,0,1,suhu aman
47.02967105,0,1,bahaya
27.88467892,1,1,suhu aman
15.826718,0,1,suhu aman
3.628125687,0,0,suhu aman
45.19970135,0,1,bahaya
58.71308724,1,1,rawan
42.92193333,1,1,rawan
5.806212347,1,1,suhu aman
2.038531869,0,0,suhu aman
26.89042581,0,1,suhu aman
59.85219265,1,0,rawan
21.47089721,1,1,suhu aman
15.76838092,1,1,suhu aman
23.28445377,1,0,suhu aman
23.95622335,0,1,suhu aman
38.95478331,1,0,rawan
54.66091978,0,1,bahaya
11.06950364,1,1,suhu aman
52.91308403,0,0,rawan
22.21699006,0,1,suhu aman
58.11303591,0,1,bahaya
58.87245244,0,1,bahaya
35.00409275,1,1,rawan
5.113391541,1,1,suhu aman
3.056431118,1,1,suhu aman
48.61090526,1,1,rawan
54.1174605,0,1,bahaya
15.00962461,0,1,suhu aman
28.88893317,0,1,suhu aman
3.687037166,0,1,suhu aman
42.5956281,1,1,rawan
17.17182229,1,0,suhu aman
15.03335302,0,0,suhu aman
29.58727599,1,0,suhu aman
55.63073438,0,0,rawan
44.94423381,0,0,rawan
0.5226857199,1,1,suhu aman
14.69970436,0,0,suhu aman
45.89413761,1,0,rawan
33.67207645,0,1,bahaya
24.67843591,0,0,suhu aman
44.29779239,0,1,bahaya
26.44136482,0,1,suhu aman
8.652247163,0,0,suhu aman
11.99180485,1,0,suhu aman
55.15079675,1,0,rawan
3.664355713,1,1,suhu aman
49.0936853,1,0,rawan
22.73544362,0,0,suhu aman
2.107857667,0,1,suhu aman
40.16829667,0,1,bahaya
1.143414957,1,0,suhu aman
43.62646771,1,1,rawan
1.264570999,0,1,suhu aman
9.930850854,1,1,suhu aman
43.48352417,1,0,rawan
40.02935754,1,1,rawan
36.95751117,0,0,rawan
54.95703502,1,0,rawan
58.8285558,0,0,rawan
12.73038231,1,0,suhu aman
31.84390861,0,1,suhu aman
23.87347339,1,0,suhu aman
33.85196443,1,0,rawan
18.23311536,1,1,suhu aman
20.71040721,0,1,suhu aman
8.511208212,1,0,suhu aman
38.64459905,0,0,rawan
21.81761157,1,1,suhu aman
19.41653542,1,0,suhu aman
34.50675499,0,1,bahaya
44.75726851,1,0,rawan
17.27374876,1,0,suhu aman
0.5152486024,0,1,suhu aman
6.306507767,1,1,suhu aman
28.20379849,1,1,suhu aman
26.26224435,1,1,suhu aman
16.60463058,1,0,suhu aman
55.69011389,0,1,bahaya
10.50008836,1,0,suhu aman
23.67479901,0,0,suhu aman
31.35153596,0,1,suhu aman
36.03387753,0,1,bahaya
16.88898642,1,0,suhu aman
23.15778446,0,0,suhu aman
46.38969972,1,1,rawan
22.0157393,0,0,suhu aman
56.34995193,0,1,bahaya
19.13189695,0,1,suhu aman
49.93153556,0,0,rawan
36.31882453,0,0,rawan
32.81675055,0,1,bahaya
18.18312265,1,0,suhu aman
59.94459012,0,1,bahaya
31.12104919,0,1,suhu aman
1.225597489,1,1,suhu aman
23.61835813,1,0,suhu aman
31.1303085,0,0,suhu aman
22.76372535,0,1,suhu aman
45.59040857,0,1,bahaya
2.271988206,0,1,suhu aman
40.70451312,1,1,rawan
12.97256839,0,0,suhu aman
59.25104827,0,1,bahaya
22.3176942,1,1,suhu aman
23.1156973,0,1,suhu aman
49.36000985,1,0,rawan
29.76464351,1,0,suhu aman
4.882732137,0,0,suhu aman
8.348960921,1,0,suhu aman
21.66813408,0,0,suhu aman
52.60929551,0,0,rawan
0.6798955465,0,0,suhu aman
32.35013984,0,1,bahaya
38.31709298,0,0,rawan
58.94370038,0,1,bahaya
5.665331867,1,0,suhu aman
51.36638366,1,1,rawan
20.30426634,0,1,suhu aman
43.11545419,1,0,rawan
26.89837315,1,1,suhu aman
44.63617958,1,0,rawan
6.354923408,0,1,suhu aman
15.43498162,0,1,suhu aman
41.32248597,1,0,rawan
51.873507,1,0,rawan
24.45562199,1,1,suhu aman
24.93128886,0,1,suhu aman
36.10443035,1,0,rawan
3.377557659,0,0,suhu aman
30.50703642,0,0,suhu aman
15.37995394,1,0,suhu aman
19.46167944,1,1,suhu aman
41.36116028,0,0,rawan
44.81336703,0,1,bahaya
55.84295966,0,1,bahaya
5.576128821,0,1,suhu aman
1.227752504,0,1,suhu aman
31.48098017,0,1,suhu aman
24.2842233,0,1,suhu aman
26.23507961,0,0,suhu aman
41.03850028,1,1,rawan
4.5293651,1,0,suhu aman
59.52388573,0,0,rawan
25.25845116,0,1,suhu aman
56.2978443,1,0,rawan
7.622984331,1,0,suhu aman
32.86864103,0,1,bahaya
9.564167697,0,1,suhu aman
55.44749042,0,1,bahaya
1.813054266,1,0,suhu aman
46.20458722,0,0,rawan
22.89160163,1,0,suhu aman
59.0955863,1,1,rawan
47.53375788,0,1,bahaya
18.16334834,1,0,suhu aman
14.7459461,1,0,suhu aman
3.019523617,0,0,suhu aman
43.32787862,0,0,rawan
14.17137839,0,0,suhu aman
58.04434699,1,0,rawan
11.36754742,1,0,suhu aman
4.382279006,0,1,suhu aman
9.766605622,0,0,suhu aman
4.237614248,1,1,suhu aman
42.24605699,1,0,rawan
8.934161943,0,1,suhu aman
9.515808562,0,0,suhu aman
14.3492545,0,0,suhu aman
33.01620496,1,1,rawan
49.96446631,0,0,rawan
56.1902919,1,0,rawan
48.41659829,0,1,bahaya
27.13513382,1,1,suhu aman
23.32528575,1,0,suhu aman
56.55669499,0,1,bahaya
54.23671091,1,1,rawan
48.26387212,1,1,rawan
41.55358836,0,1,bahaya
21.21395005,1,1,suhu aman
9.112779695,1,1,suhu aman
20.62567916,0,1,suhu aman
45.10405859,0,1,bahaya
46.35664593,0,0,rawan
35.46460309,0,0,rawan
37.23531261,1,0,rawan
29.58930209,0,1,suhu aman
55.16925529,1,0,rawan
12.70983336,0,1,suhu aman
29.63141465,0,1,suhu aman
18.84614022,1,1,suhu aman
45.75493723,0,0,rawan
3.740514988,1,1,suhu aman
14.13094717,0,1,suhu aman
49.2521929,0,1,bahaya
21.07677422,0,0,suhu aman
24.61251823,0,0,suhu aman
20.38630697,1,1,suhu aman
30.69740709,0,0,suhu aman
4.338627524,0,0,suhu aman
50.73334008,0,1,bahaya
48.16249597,1,1,rawan
53.97067418,0,1,bahaya
10.55689421,1,0,suhu aman
31.87681887,0,1,suhu aman
27.7633925,0,0,suhu aman
43.0521206,1,1,rawan
11.77377513,0,0,suhu aman
1.771167838,0,0,suhu aman
58.42296016,1,0,rawan
23.90715263,0,0,suhu aman
19.43680226,0,1,suhu aman
15.79980108,0,1,suhu aman
7.238869776,1,1,suhu aman
58.85879016,0,1,bahaya
52.91864034,1,1,rawan
12.5223234,0,1,suhu aman
28.86279781,0,1,suhu aman
57.47029978,1,0,rawan
47.9753777,1,1,rawan
51.26605637,0,0,rawan
53.17333305,0,0,rawan
21.10059235,1,1,suhu aman
23.14074016,1,0,suhu aman
48.95644172,1,0,rawan
44.54417563,0,0,rawan
28.90033913,1,0,suhu aman
45.6278845,0,1,bahaya
44.64761674,1,1,rawan
2.082014093,0,0,suhu aman
27.99722245,0,1,suhu aman
1.259643261,1,0,suhu aman
19.88244056,1,0,suhu aman
45.34517713,0,0,rawan
29.97418704,1,0,suhu aman
35.27232793,0,0,rawan
17.05421042,1,0,suhu aman
34.56591581,1,0,rawan
19.47506222,0,1,suhu aman
12.53736909,0,0,suhu aman
6.360276842,1,1,suhu aman
48.28582763,1,0,rawan
8.87735647,0,1,suhu aman
46.81936546,1,0,rawan
54.73073608,0,1,bahaya
4.575711439,1,1,suhu aman
25.45252853,0,1,suhu aman
29.13826231,1,1,suhu aman
47.28335298,1,0,rawan
44.64782971,1,1,rawan
34.28947817,0,1,bahaya
45.12762809,0,1,bahaya
23.39882406,1,1,suhu aman
39.68027635,0,1,bahaya
41.48748957,1,0,rawan
10.48023829,1,0,suhu aman
35.42845971,0,1,bahaya
53.05987277,1,0,rawan
47.73032106,0,0,rawan
52.14634154,1,0,rawan
58.33936674,0,1,bahaya
51.01174117,0,1,bahaya
52.3336048,1,0,rawan
40.8992525,1,1,rawan
53.27011294,1,1,rawan
44.72039174,0,1,bahaya
22.21318312,0,1,suhu aman
18.20711296,0,0,suhu aman
37.01289714,0,0,rawan
6.558928046,0,0,suhu aman
18.95248746,1,1,suhu aman
37.04887377,0,0,rawan
52.85617774,1,1,rawan
11.92964638,1,0,suhu aman
20.25253215,0,0,suhu aman
32.38677476,1,0,rawan
36.01467143,1,0,rawan
16.48105139,1,0,suhu aman
19.52854541,1,1,suhu aman
12.45684894,0,0,suhu aman
19.04164803,1,1,suhu aman
46.10301724,1,1,rawan
19.27277092,1,1,suhu aman
36.86312749,1,0,rawan
9.161356309,1,0,suhu aman
14.1135587,0,1,suhu aman
30.03338602,1,1,suhu aman
41.66052118,1,0,rawan
30.37744622,1,1,suhu aman
6.437362204,1,0,suhu aman
47.46500119,1,0,rawan
25.18550164,0,1,suhu aman
58.50616934,0,1,bahaya
31.33798687,1,0,suhu aman
44.88665309,1,1,rawan
41.34297922,1,0,rawan
6.951136813,0,0,suhu aman
55.40233142,1,0,rawan
48.13865423,0,1,bahaya
39.38196456,0,0,rawan
45.0793781,1,1,rawan
41.98770052,1,0,rawan
53.26017924,0,0,rawan
40.89181306,0,0,rawan
29.47641231,0,0,suhu aman
52.2285097,1,0,rawan
45.61487731,0,0,rawan
15.82509907,0,0,suhu aman
1.151001432,0,1,suhu aman
41.96140391,0,0,rawan
1.572319357,0,0,suhu aman
9.802357864,1,1,suhu aman
28.92824235,1,1,suhu aman
10.56425608,0,0,suhu aman
0.7085342783,0,1,suhu aman
24.77817516,1,1,suhu aman
0.812609986,0,0,suhu aman
29.71627846,1,1,suhu aman
7.719345758,0,0,suhu aman
4.347289862,1,1,suhu aman
1.020536839,0,1,suhu aman
1.473120959,0,1,suhu aman
18.84572086,0,1,suhu aman